品名,价格,评价数,店名
索尼（SONY） APS-C 半画幅 标准变焦镜头 E口变焦镜头 风光 人像 旅游 抓拍 家用 E16-50黑色【拆机镜头】 标配,627.00,1000+条评价,索尼（SONY）摄影摄像旗舰店
E PZ 16-50MM F3.5-5.6 OSSAPS-C画幅变焦镜头广角 90新 官方标配索尼selp1650黑色,396.00,0条评价,邸煦外设店
无通用索尼E PZ 16-50 f/3.5-5.6 OSSSELP1650微单照相机 40.5mm镜,17.00,21条评价,数码107小店
E PZ 16-50MM F3.5-5.6 OSSAPS-C画幅变焦镜头广角 90新 官方标配索尼selp1650银色,396.00,0条评价,邸煦数码外设店
E PZ 16-50MM F3.5-5.6 OSSAPS-C画幅变焦镜头广角 90新 套餐一索尼selp1650黑色,462.00,0条评价,邸煦外设店
E PZ 16-50MM F3.5-5.6 OSSAPS-C画幅变焦镜头广角 90新 官方标配索尼selp1650黑色,396.00,0条评价,邸煦数码外设店
索尼（SONY）E/FE卡口 全画幅/APS-C半画幅二手相机镜头 中远摄变焦人像大光圈蔡司微单镜头 索尼E16-50mm 黑色/银色 标配 99成新,399.00,2000+条评价,大拓二手数码卖场店
索尼（SONY） 微单镜头E PZ16-50mm标准变焦镜头 适用于a5100/a6000l系列相机SELP1650黑色（拆机版） 【无独立包装】 40.5mm,608.00,200+条评价,森尼仕数码影音卖场店
TWTCKYUS无通用索尼E PZ 16-50 f/3.5-5.6 OSSSELP1650微单照相机 40.5mm .5mm镜,19.80,0条评价,恒之卓旗舰店
Sony/索尼E PZ 16-50mm f/3.5-5.6 二手镜头 防抖半画幅SELP1650黑色 99新,379.00,42条评价,和庸优品二手影像器材专营店
芙选适用于无通用索尼E PZ 16-50 f/3.5-5.6 OSSSELP1650微单照相机,18.00,0条评价,礅哏优品店
索尼（SONY）中远摄变焦人像大光圈蔡司微单相机镜头 二手索尼镜头 索尼镜头 EPZ16-50/SELP1650,339.00,1000+条评价,爱回收严选电脑数码官方旗舰店
E PZ 16-50MM F3.5-5.6 OSSAPS-C画幅变焦镜头广角 95新 官方标配索尼selp1650黑色,435.60,0条评价,邸煦外设店
Sony/索尼E PZ 16-50mm f/3.5-5.6 二手镜头 防抖半画幅SELP1650黑色 9新,329.00,42条评价,和庸优品二手影像器材专营店
E PZ 16-50MM F3.5-5.6 OSSAPS-C画幅变焦镜头广角 95新 官方标配索尼selp1650银色,435.60,0条评价,邸煦外设店
索尼（SONY） 微单镜头E PZ16-50mm标准变焦镜头 适用于a5100/a6000l系列相机SELP1650银色（拆机版） 【无独立包装】 40.5mm,608.00,200+条评价,森尼仕数码影音卖场店
Sony/索尼E PZ 16-50mm f/3.5-5.6 二手镜头 防抖半画幅SELP1650银色 99新,379.00,42条评价,和庸优品二手影像器材专营店
E PZ 16-50MM F3.5-5.6 OSSAPS-C画幅变焦镜头广角 95新 官方标配索尼selp1650黑色,435.60,0条评价,邸煦数码外设店
索尼/Sony E16-50 16-55 16-70 18-135 18-200 半画幅变焦二手镜头 E 16-50mm/F3.5-5.6 0SS 95成新,349.00,200+条评价,中联智德二手摄影摄像专营店
E PZ 16-50MM F3.5-5.6 OSSAPS-C画幅变焦镜头广角 90新 套餐一索尼selp1650银色,462.00,0条评价,邸煦数码外设店
索尼（SONY）中远摄变焦人像大光圈蔡司微单相机镜头 二手索尼镜头 索尼镜头 EPZ16-50/SELP1650,339.00,94条评价,爱回收严选官方旗舰店
E PZ 16-50MM F3.5-5.6 OSSAPS-C画幅变焦镜头广角 99新 官方标配索尼selp1650黑色,475.20,0条评价,邸煦外设店
E PZ 16-50MM F3.5-5.6 OSSAPS-C画幅变焦镜头广角 95新 套餐一索尼selp1650黑色,501.60,0条评价,邸煦外设店
E PZ 16-50MM F3.5-5.6 OSSAPS-C画幅变焦镜头广角 99新 官方标配索尼selp1650银色,475.20,0条评价,邸煦外设店
索尼SONY）E70-35016501855 18105 1655 18135 18200半画幅微单镜头 E PZ 16-50mm f/3.5-5.6拆机黑 全新官方标配,480.00,6条评价,京佳数码买手店
E PZ 16-50MM F3.5-5.6 OSSAPS-C画幅变焦镜头广角 90新 套餐一索尼selp1650黑色,462.00,0条评价,邸煦数码外设店
E PZ 16-50MM F3.5-5.6 OSSAPS-C画幅变焦镜头广角 全新拆机 官方标配索尼selp1650银色,528.00,0条评价,邸煦数码外设店
E PZ 16-50MM F3.5-5.6 OSSAPS-C画幅变焦镜头广角 全新拆机 官方标配索尼selp1650黑色,528.00,0条评价,邸煦外设店
E PZ 16-50MM F3.5-5.6 OSSAPS-C画幅变焦镜头广角 99新 官方标配索尼selp1650银色,475.20,0条评价,邸煦数码外设店
E PZ 16-50MM F3.5-5.6 OSSAPS-C画幅变焦镜头广角 99新 官方标配索尼selp1650黑色,475.20,0条评价,邸煦数码外设店
索尼Sony/E PZ 16-50mm A6000/A5100/A5000 微单原装1650镜头 全新国际版银色标配 E卡口,690.00,2条评价,江程档数码买手店
E PZ 16-50MM F3.5-5.6 OSSAPS-C画幅变焦镜头广角 99新 套餐二索尼selp1650银色,673.20,0条评价,邸煦数码外设店
索尼（SONY） APS-C半画幅E口镜头 E 16-50mm (拆机版)黑 官方标配,600.00,13条评价,龙猫数码买手店
索尼 APS-C 半画幅 标准变焦镜头E口变焦镜头风光 人像 旅游 可白条付 E 16-50黑色(拆机版） 全新海外,659.00,40条评价,数码相机线上小店
索尼E 16-50 3.5-5.6 OSS 标准变焦 C幅微单镜头SELP1650饼干头 索尼E 16-50黑/银 全新港版 颜色 E卡口 官方标配,640.00,0条评价,深海买手店
索尼16-50mm相机SELP1650A6400偏振镜+UV镜+遮光罩+40.5mm镜头盖 配 UV滤镜 40.5mm,29.00,31条评价,甄选数码科技经营部
埠帝16-50mm相机SELP1650A6400偏振镜+UV镜+遮光罩+40.5mm镜头盖 配UV滤镜 405mm,30.00,0条评价,谨皓办公专营店
埠帝16-50mm相机SELP1650A6400偏振镜+UV镜+遮光罩+40.5mm镜头盖 配偏振镜 405mm,58.00,0条评价,谨皓办公专营店
SONY16-50mm相机SELP1650A6400偏振镜+UV镜+遮光罩+40.5mm镜头盖 配 镜头盖 40.5mm,16.54,0条评价,鸿福优品店
无通用索尼E PZ 16-50 f/3.5-5.6 OSSSELP1650微单照相机 40.5mm .5mm镜,28.40,0条评价,妖精之尾巴小店
SONY16-50mm相机SELP1650A6400偏振镜+UV镜+遮光罩+40.5mm镜头盖 配 偏振镜 40.5mm,54.52,0条评价,鸿福优品店
埠帝16-50mm相机SELP1650A6400偏振镜+UV镜+遮光罩+40.5mm镜头盖 配UV滤镜 405mm,30.00,0条评价,恒坤办公专营店
索尼 APS-C 半画幅 标准变焦镜头E口变焦镜头风光 人像 旅游 可白条付 E 16-50银色(拆机版） 全新海外,659.00,40条评价,数码相机线上小店
原装索尼16-50mm相机SELP1650A6400偏振镜+UV镜+遮光罩+40.5mm镜头盖 配 UV滤镜 40.5mm,29.00,0条评价,京艺优选店
原装索尼16-50mm相机SELP1650A6400偏振镜+UV镜+遮光罩+40.5mm镜头盖 配 偏振镜 40.5mm,56.00,0条评价,京艺优选店
原装索尼16-50mm相机SELP1650A6400偏振镜+UV镜+遮光罩+40.5mm镜头盖 配 UV滤镜 40.5mm,29.00,0条评价,京买买优选店
原装索尼16-50mm相机SELP1650A6400偏振镜+UV镜+遮光罩+40.5mm镜头盖 配 偏振镜 40.5mm,56.00,0条评价,京买买优选店
索尼16-50mm相机SELP1650A6400偏振镜+UV镜+遮光罩+40.5mm镜头盖 配 偏振镜 40.5mm,56.00,31条评价,甄选数码科技经营部
索尼16-50mm相机SELP1650A6400偏振镜+UV镜+遮光罩+40.5mm镜头盖 配 镜头盖 40.5mm,17.60,31条评价,甄选数码科技经营部
埠帝16-50mm相机SELP1650A6400偏振镜+UV镜+遮光罩+40.5mm镜头盖 配偏振镜 405mm,58.00,0条评价,恒坤办公专营店
SIVIR16-50mm相机SELP1650A6400偏振镜+UV镜+遮光罩+40.5mm镜头盖 配 镜头盖 40.5mm,17.60,0条评价,SIVIR数码旗舰店
SIVIR16-50mm相机SELP1650A6400偏振镜+UV镜+遮光罩+40.5mm镜头盖 配 UV滤镜 40.5mm,29.00,0条评价,SIVIR数码旗舰店
索尼（SONY）E PZ 16-50MMSELP1650E口微单镜头人像风景小巧a6400 国行16-50拆机银 E卡口官方标配,599.00,0条评价,WE海外卖场店
埠帝16-50mm相机SELP1650A6400偏振镜+UV镜+遮光罩+40.5mm镜头盖 配镜头盖 405mm,18.00,0条评价,谨皓办公专营店
索尼16-50mm相机SELP1650A6400偏振镜+UV镜+遮光罩+40.5mm镜头盖 UV镜+黑色遮光罩+偏振镜 40.5mm,97.00,31条评价,甄选数码科技经营部
索尼16-50mm相机SELP1650A6400偏振镜+UV镜+遮光罩+40.5mm镜头盖 UV镜+偏振镜 40.5mm,78.00,31条评价,甄选数码科技经营部
原装索尼16-50mm相机SELP1650A6400偏振镜+UV镜+遮光罩+40.5mm镜头盖 UV镜+黑色遮光罩+偏振镜 40.5mm,95.00,0条评价,京买买优选店
索尼16-50mm相机SELP1650A6400偏振镜+UV镜+遮光罩+40.5mm镜头盖 配 镜头盖 40.5mm,16.00,0条评价,京兴数码小店
索尼16-50mm相机SELP1650A6400偏振镜+UV镜+遮光罩+40.5mm镜头盖 配 uv滤镜 40.5mm,27.00,0条评价,京兴数码小店
索尼16-50mm相机SELP1650A6400偏振镜+UV镜+遮光罩+40.5mm镜头盖 配 偏振镜 40.5mm,52.00,0条评价,京兴数码小店
索尼特适用原装索尼16-50mm相机SELP1650A6400镜头盖+遮光罩+UV 高清UV镜标准款+银色漏空遮光罩 40.5mm,44.92,6条评价,袖魅小店
映棠适用索尼特索尼16-50mm相机SELP1650A6400镜头盖+遮光罩+UV镜 单 镜头盖 40.5mm,10.48,11条评价,映棠数码旗舰店
原装索尼16-50mm相机SELP1650A6400偏振镜+UV镜+遮光罩+40.5mm镜头盖 镜头盖+偏振镜 40.5mm,61.00,0条评价,京艺优选店
原装索尼16-50mm相机SELP1650A6400偏振镜+UV镜+遮光罩+40.5mm镜头盖 镜头盖+偏振镜 40.5mm,61.00,0条评价,京买买优选店
原装索尼16-50mm相机SELP1650A6400偏振镜+UV镜+遮光罩+40.5mm镜头盖 UV镜+银色遮光罩+偏振镜 40.5mm,95.00,0条评价,京买买优选店
原装索尼16-50mm相机SELP1650A6400偏振镜+UV镜+遮光罩+40.5mm镜头盖 UV镜+黑色镂空遮光罩 40.5mm,42.00,0条评价,京艺优选店
原装索尼ILCE-QX1L QX1镜头数码相机配件SELP1650镜头盖+UV保护镜 配E 16-50镜头用 UV镜+镜头 40.5mm,74.00,0条评价,京买买优选店
原装索尼16-50mm相机SELP1650A6400偏振镜+UV镜+遮光罩+40.5mm镜头盖 配 黑色镂空遮光罩 40.5mm,29.00,0条评价,京艺优选店
原装索尼16-50mm相机SELP1650A6400偏振镜+UV镜+遮光罩+40.5mm镜头盖 偏振镜+黑色镂空遮光罩 40.5mm,76.00,0条评价,京买买优选店
索尼特适用原装索尼16-50mm相机SELP1650A6400镜头盖+遮光罩+UV 镜头盖+高清UV镜标准款 40.5mm,31.20,6条评价,袖魅小店
原装索尼16-50mm相机SELP1650A6400偏振镜+UV镜+遮光罩+40.5mm镜头盖 配 黑色镂空遮光罩 40.5mm,29.00,0条评价,京买买优选店
原装索尼16-50mm相机SELP1650A6400偏振镜+UV镜+遮光罩+40.5mm镜头盖 UV镜+银色镂空遮光罩 40.5mm,42.00,0条评价,京买买优选店
原装索尼16-50mm相机SELP1650A6400偏振镜+UV镜+遮光罩+40.5mm镜头盖 UV镜+黑色镂空遮光罩 40.5mm,42.00,0条评价,京买买优选店
原装索尼16-50mm相机SELP1650A6400偏振镜+UV镜+遮光罩+40.5mm镜头盖 镜头盖+UV镜+银色遮光罩+偏 40.5mm,104.00,0条评价,京艺优选店
索尼特适用原装索尼16-50mm相机SELP1650A6400镜头盖+遮光罩+UV 单 银色漏空遮光罩 40.5mm,24.38,6条评价,袖魅小店
索尼特适用原装索尼16-50mm相机SELP1650A6400镜头盖+遮光罩+UV 镜头盖+银色漏空遮光罩 40.5mm,31.24,6条评价,袖魅小店
原装索尼16-50mm相机SELP1650A6400偏振镜+UV镜+遮光罩+40.5mm镜头盖 镜头盖+UV镜 40.5mm,37.00,0条评价,京艺优选店
原装索尼16-50mm相机SELP1650A6400偏振镜+UV镜+遮光罩+40.5mm镜头盖 偏振镜+银色镂空遮光罩 40.5mm,76.00,0条评价,京买买优选店
原装索尼16-50mm相机SELP1650A6400偏振镜+UV镜+遮光罩+40.5mm镜头盖 镜头盖+UV镜 40.5mm,37.00,0条评价,京买买优选店
索尼16-50mm相机SELP1650A6400偏振镜+UV镜+遮光罩+40.5mm镜头盖 镜头盖+UV镜 40.5mm,37.00,31条评价,甄选数码科技经营部
索尼16-50mm相机SELP1650A6400偏振镜+UV镜+遮光罩+40.5mm镜头盖 配 黑色镂空遮光罩 40.5mm,29.00,31条评价,甄选数码科技经营部
原装索尼16-50mm相机SELP1650A6400偏振镜+UV镜+遮光罩+40.5mm镜头盖 配 银色镂空遮光罩 40.5mm,29.00,0条评价,京艺优选店
原装索尼16-50mm相机SELP1650A6400偏振镜+UV镜+遮光罩+40.5mm镜头盖 镜头盖+UV镜+黑色遮光罩+偏 40.5mm,104.00,0条评价,京艺优选店
原装索尼16-50mm相机SELP1650A6400偏振镜+UV镜+遮光罩+40.5mm镜头盖 配 银色镂空遮光罩 40.5mm,29.00,0条评价,京买买优选店
原装索尼16-50mm相机SELP1650A6400偏振镜+UV镜+遮光罩+40.5mm镜头盖 偏振镜+银色镂空遮光罩 40.5mm,76.00,0条评价,京艺优选店
原装索尼16-50mm相机SELP1650A6400偏振镜+UV镜+遮光罩+40.5mm镜头盖 镜头盖+黑色镂空遮光罩 40.5mm,35.00,0条评价,京买买优选店
原装索尼16-50mm相机SELP1650A6400偏振镜+UV镜+遮光罩+40.5mm镜头盖 UV镜+银色镂空遮光罩 40.5mm,42.00,0条评价,京艺优选店
原装索尼16-50mm相机SELP1650A6400偏振镜+UV镜+遮光罩+40.5mm镜头盖 镜头盖+UV镜+黑色镂空遮光 40.5mm,48.00,0条评价,京买买优选店
原装索尼16-50mm相机SELP1650A6400偏振镜+UV镜+遮光罩+40.5mm镜头盖 镜头盖+UV镜+黑色遮光罩+偏 40.5mm,104.00,0条评价,京买买优选店
原装索尼ILCE-QX1L QX1镜头相机配件SELP1650镜头盖+UV保护镜 配E 16-50镜头用 UV镜+镜头 40.5mm,74.00,0条评价,京艺优选店
京购索尼微单SELP1650相机NEXHX50 HX10 HX60 HX30 充电器数据线 单一条数据线 其他,40.56,1条评价,京铭数码小店
原装于索尼16-50mm相机SELP1650A6400镜头盖+遮光罩+UV镜40.5mm 单 黑色漏空遮光罩 40.5mm,31.00,0条评价,京买买优选店
原装于索尼16-50mm相机SELP1650A6400镜头盖+遮光罩+UV镜40.5mm 镜头盖+银色漏空遮光罩 40.5mm,39.00,0条评价,京艺优选店
原装于索尼16-50mm相机SELP1650A6400镜头盖+遮光罩+UV镜40.5mm 镜头盖+银色漏空遮光罩 40.5mm,39.00,0条评价,京买买优选店
LZQLY索尼Sony/微单SELP1650相机NEXHX50 HX10 HX60 HX30 充电器数据线 单一个充电头,61.39,5条评价,和成数码经营部
适用原装索尼镜头后盖E口16-5055-210 28-70 24-70SELP1650微单,14.70,0条评价,京友惠数码店
索尼特适用原装索尼16-50SELP1650A6400 A6700镜头盖+遮光罩+UV 配 银色镂空遮光罩 40.5mm,29.00,1条评价,欧源家电配件小店
京购索尼微单SELP1650相机NEXHX50 HX10 HX60 HX30 充电器数据线 单一个充电头 其他,73.74,1条评价,京铭数码小店
原装于索尼16-50mm相机SELP1650A6400镜头盖+遮光罩+UV镜40.5mm 镜头盖+高清UV镜标准款 40.5mm,40.00,0条评价,京买买优选店
索尼特适用原装索尼16-50SELP1650A6400 A6700镜头盖+遮光罩+UV 配 镜头盖 40.5mm,14.66,0条评价,袖魅小店
原装于索尼16-50mm相机SELP1650A6400镜头盖+遮光罩+UV镜40.5mm 镜头盖+黑色漏空遮光罩 40.5mm,39.00,0条评价,京艺优选店
LZQLY索尼Sony/微单SELP1650相机NEXHX50 HX10 HX60 HX30 充电器数据线 单一条数据线,38.42,0条评价,小猎人数码科技经营部
原装于索尼16-50mm相机SELP1650A6400镜头盖+遮光罩+UV镜40.5mm 镜头盖+高清UV镜标准款 40.5mm,40.00,0条评价,京艺优选店
原装于索尼16-50mm相机SELP1650A6400镜头盖+遮光罩+UV镜40.5mm 单 银色漏空遮光罩 40.5mm,31.00,0条评价,京买买优选店
LZQLY索尼Sony/微单SELP1650相机NEXHX50 HX10 HX60 HX30 充电器数据线 充电头+数据线,71.04,0条评价,赢数码经营部
LZQLY索尼Sony/微单SELP1650相机NEXHX50 HX10 HX60 HX30 充电器数据线 单一个充电头,67.52,0条评价,小猎人数码科技经营部
索尼特适用原装索尼16-50SELP1650A6400 A6700镜头盖+遮光罩+UV 配 UV镜 40.5mm,29.00,1条评价,欧源家电配件小店
原装于索尼16-50mm相机SELP1650A6400镜头盖+遮光罩+UV镜40.5mm 镜头盖+黑色漏空遮光罩 40.5mm,39.00,0条评价,京买买优选店
LZQLY索尼Sony/微单SELP1650相机NEXHX50 HX10 HX60 HX30 充电器数据线 单一个充电头,56.96,0条评价,赢数码经营部
原装于索尼16-50mm相机SELP1650A6400镜头盖+遮光罩+UV镜40.5mm 单 银色漏空遮光罩 40.5mm,31.00,0条评价,京艺优选店
LZQLY索尼Sony/微单SELP1650相机NEXHX50 HX10 HX60 HX30 充电器数据线 充电头+数据线,83.63,0条评价,小猎人数码科技经营部
适用索尼Sony/SELP1650相机NEXHX50 HX10 HX60 HX30 充电器数据线 量大联系客服 单拍不发 其他,8.50,0条评价,良庭優品小店
索尼特适用原装索尼16-50SELP1650A6400 A6700镜头盖+遮光罩+UV 配 UV镜 40.5mm,24.42,0条评价,袖魅小店
京购索尼微单SELP1650相机NEXHX50 HX10 HX60 HX30 充电器数据线 充电头+数据线 其他,92.17,1条评价,京铭数码小店
索尼特适用原装索尼16-50SELP1650A6400 A6700镜头盖+遮光罩+UV 配 偏振镜 40.5mm,47.78,0条评价,袖魅小店
LZQLY索尼Sony/微单SELP1650相机NEXHX50 HX10 HX60 HX30 充电器数据线 单一条数据线,34.93,5条评价,和成数码经营部
埠帝适用于索尼16-50mm相机SELP1650A6400镜头盖+遮光罩+UV镜40.5mm 单高清UV镜标准款 405mm,36.00,3条评价,谨皓办公专营店
适用于索尼E16-50mm镜头SELP1650A6400 NEX5T遮光罩+镜头盖+UV镜 单买 镜头盖 40.5mm,18.00,2条评价,茗迪数码小店
LZQLY索尼Sony/微单SELP1650相机NEXHX50 HX10 HX60 HX30 充电器数据线 单一条数据线,32.44,0条评价,赢数码经营部
映棠适用索尼特索尼16-50mm相机SELP1650A6400镜头盖+遮光罩+UV镜 镜头盖+高清UV镜标准款 40.5mm,31.36,11条评价,映棠数码旗舰店
适用于索尼16-50mmSELP1650A6400镜头盖+遮光罩+UV镜偏振镜40.5 配 UV镜 40.5mm,30.00,0条评价,波想数码小店
LZQLY索尼Sony/微单SELP1650相机NEXHX50 HX10 HX60 HX30 充电器数据线 单一条数据线,32.88,0条评价,长情书数码2小店
索尼特适用原装索尼16-50mm相机SELP1650A6400镜头盖+遮光罩+UV镜40.5mm 镜头盖+黑色漏空遮光罩 40.5mm,40.00,4条评价,辰夏数码小店
LZQLY索尼Sony/微单SELP1650相机NEXHX50 HX10 HX60 HX30 充电器数据线 充电头+数据线,71.75,0条评价,长情书数码2小店
LZQLY索尼Sony/微单SELP1650相机NEXHX50 HX10 HX60 HX30 充电器数据线 单一条数据线,33.20,0条评价,华子数码设备小店
适用于索尼16-50mmSELP1650A6400镜头盖+遮光罩+UV镜偏振镜40.5 配 偏振镜 40.5mm,64.00,0条评价,波想数码小店
原装适配索尼E16-50mm镜头SELP1650A6400 NEX5T遮光罩+镜头盖+ 镜头盖+UV镜 40.5mm,40.00,1条评价,凤舞数码贸易店
LZQLY索尼Sony/微单SELP1650相机NEXHX50 HX10 HX60 HX30 充电器数据线 单一个充电头,58.30,0条评价,华子数码设备小店
适用索尼Sony/SELP1650相机NEXHX50 HX10 HX60 HX30 充电器数据线 单一条数据线 其他,368.73,0条评价,良庭優品小店
索尼E16-50镜头SELP1650A6400 A6700遮光罩+镜头盖+UV镜40.5 单买 UV镜 40.5mm,28.00,0条评价,京达严选店
适用于索尼16-50mmSELP1650A6400镜头盖+遮光罩+UV镜偏振镜40.5 镜头盖+UV镜+银色镂空遮光罩 40.5mm,50.44,1条评价,筠还数码小店
LZQLY索尼Sony/微单SELP1650相机NEXHX50 HX10 HX60 HX30 充电器数据线 单一个充电头,57.54,0条评价,阿胜数码科技小店
豪星汇适用索尼Sony/SELP1650相机NEXHX50 HX10 HX60 HX30 充电器数据线 单一条数据线 其他,43.60,18条评价,顺诚数码经营部
LZQLY索尼Sony/微单SELP1650相机NEXHX50 HX10 HX60 HX30 充电器数据线 充电头+数据线,71.75,0条评价,阿胜数码科技小店
LZQLY索尼Sony/微单SELP1650相机NEXHX50 HX10 HX60 HX30 充电器数据线 单一条数据线,32.88,0条评价,阿胜数码科技小店
适用于索尼E16-50mm镜头SELP1650A6400 NEX5T遮光罩+镜头盖+UV镜 单买 UV镜 40.5mm,32.00,0条评价,波想数码小店
索尼E16-50镜头SELP1650A6400 A6700遮光罩+镜头盖+UV镜40.5 单买 镜头盖 40.5mm,16.00,0条评价,京达严选店
LZQLY索尼Sony/微单SELP1650相机NEXHX50 HX10 HX60 HX30 充电器数据线 充电头+数据线,72.70,0条评价,华子数码设备小店
映棠适用索尼特索尼16-50SELP1650A6400 A6700镜头盖+遮光罩+UV偏振 镜头盖+UV镜+黑色遮光罩+偏振镜 40.5mm,88.48,1条评价,映棠数码旗舰店
豪星汇适用索尼Sony/SELP1650相机NEXHX50 HX10 HX60 HX30 充电器数据线 充电头+数据线 其他,99.60,18条评价,顺诚数码经营部
索尼（SONY）APS-C半画幅E卡口微单镜头 超远摄广角标准变焦定焦镜头 E PZ 16-50mm黑 (拆机版）【标准变焦】 官方标配,518.00,500+条评价,逐选官方旗舰店
索尼（SONY）APS-C半画幅E卡口微单镜头 超远摄广角标准变焦定焦镜头 E PZ 16-50mm银 (拆机版）【标准变焦】 官方标配,518.00,500+条评价,逐选官方旗舰店
索尼E 16-50mm F3.5-5.6 APS-C画幅标准变焦镜头  适用于微单相机E10 A6400  a6100 a6000 a6300 a5100 E PZ16-50 黑色2代【全新拆机镜头】,599.00,19条评价,崇光数码专营店
索尼E 16-50mm F3.5-5.6 APS-C画幅标准变焦镜头  适用于微单相机E10 A6400  a6100 a6000 a6300 a5100 E PZ16-50 黑色2代+天利DMCUV,688.00,19条评价,崇光数码专营店
索尼E 16-50mm F3.5-5.6 APS-C画幅标准变焦镜头  适用于微单相机E10 A6400  a6100 a6000 a6300 a5100 E PZ16-50黑色【全新拆机镜头】,479.00,19条评价,崇光数码专营店
索尼E 16-50mm F3.5-5.6 APS-C画幅标准变焦镜头  适用于微单相机E10 A6400  a6100 a6000 a6300 a5100 E PZ16-50 银色【全新拆机镜头】,459.00,19条评价,崇光数码专营店
索尼E 16-50mm F3.5-5.6 APS-C画幅标准变焦镜头  适用于微单相机E10 A6400  a6100 a6000 a6300 a5100 E PZ16-50 黑色镜头+天利DMC U,569.00,19条评价,崇光数码专营店
SONY索尼 APS-C半画幅E卡口微单镜头 超远摄广角标准变焦定焦镜头 E PZ 16-50mm银 (拆机版) 官方标配,518.00,0条评价,共创立业数码影像专营店
索尼E 16-50mm F3.5-5.6 APS-C画幅标准变焦镜头  适用于微单相机E10 A6400  a6100 a6000 a6300 a5100 E PZ16-50 银色2代【全新拆机镜头】,599.00,19条评价,崇光数码专营店
索尼E 16-50mm F3.5-5.6 APS-C画幅标准变焦镜头  适用于微单相机E10 A6400  a6100 a6000 a6300 a5100 E PZ16-50 银色2代+天利DMCUV,688.00,19条评价,崇光数码专营店
